Bolesławiec;bolesławiecki
Gromadka;bolesławiecki
Nowogrodziec;bolesławiecki
Osiecznica;bolesławiecki
Warta Bolesławiecka;bolesławiecki
Jawor;opoczyński
Bolków;jaworski
Męcinka;jaworski
Mściwojów;jaworski
Paszowice;jaworski
Wądroże Wielkie;jaworski
Karpacz;jeleniogórski
Kowary;proszowicki
Piechowice;jeleniogórski
Szklarska Poręba;jeleniogórski
Janowice Wielkie;jeleniogórski
Jeżów Sudecki;jeleniogórski
Mysłakowice;jeleniogórski
Podgórzyn;jeleniogórski
Stara Kamienica;jeleniogórski
Kamienna Góra;chełmski
Lubawka;kamiennogórski
Marciszów;kamiennogórski
Lubań;lubański
Świeradów-Zdrój;lubański
Leśna;hajnowski
Olszyna;lubliniecki
Platerówka;lubański
Siekierczyn;lubański
Gryfów Śląski;lwówecki
Lubomierz;bocheński
Lwówek Śląski;lwówecki
Mirsk;lwówecki
Wleń;lwówecki
Zawidów;zgorzelecki
Zgorzelec;zgorzelecki
Bogatynia;zgorzelecki
Pieńsk;zgorzelecki
Sulików;włoszczowski
Węgliniec;zgorzelecki
Wojcieszów;złotoryjski
Złotoryja;złotoryjski
Pielgrzymka;opolski
Świerzawa;złotoryjski
Zagrodno;złotoryjski
Jelenia Góra;jeleniogórski
Głogów;głogowski
Jerzmanowa;głogowski
Kotla;głogowski
Pęcław;piaseczyński
Żukowice;buski
Góra;opolski
Jemielno;górowski
Niechlów;górowski
Wąsosz;grajewski
Chojnów;piaseczyński
Krotoszyce;legnicki
Kunice;opoczyński
Legnickie Pole;legnicki
Miłkowice;legnicki
Prochowice;legnicki
Ruja;legnicki
Lubin;ostródzki
Rudna;lubiński
Ścinawa;oławski
Chocianów;polkowicki
Gaworzyce;polkowicki
Grębocice;polkowicki
Polkowice;polkowicki
Przemków;polkowicki
Radwanice;wrocławski
Legnica;legnicki
Bielawa;piaseczyński
Dzierżoniów;dzierżoniowski
Pieszyce;dzierżoniowski
Piława Górna;dzierżoniowski
Łagiewniki;płocki
Niemcza;dzierżoniowski
Duszniki;szamotulski
Kłodzko;kłodzki
Kudowa-Zdrój;kłodzki
Nowa Ruda;kłodzki
Polanica-Zdrój;kłodzki
Bystrzyca Kłodzka;kłodzki
Lądek-Zdrój;kłodzki
Lewin Kłodzki;kłodzki
Międzylesie;ostródzki
Radków;tomaszowski
Stronie Śląskie;kłodzki
Szczytna;jarosławski
Świdnica;świdnicki
Świebodzice;świdnicki
Dobromierz;włoszczowski
Jaworzyna Śląska;świdnicki
Marcinowice;miechowski
Strzegom;staszowski
Żarów;brzeski
Boguszów-Gorce;wałbrzyski
Jedlina-Zdrój;wałbrzyski
Szczawno;krośnieński
Czarny Bór;wałbrzyski
Głuszyca;wałbrzyski
Mieroszów;wałbrzyski
Stare Bogaczowice;wałbrzyski
Walim;łosicki
Wałbrzych;wałbrzyski
Bardo;kielecki
Ciepłowody;ząbkowicki
Kamieniec Ząbkowicki;ząbkowicki
Stoszowice;ząbkowicki
Ząbkowice Śląskie;ząbkowicki
Ziębice;ząbkowicki
Złoty Stok;ząbkowicki
Cieszków;milicki
Krośnice;mławski
Milicz;milicki
Oleśnica;siedlecki
Bierutów;oleśnicki
Dobroszyce;oleśnicki
Dziadowa Kłoda;oleśnicki
Międzybórz;opoczyński
Syców;oleśnicki
Twardogóra;oleśnicki
Oława;oławski
Domaniów;radomski
Jelcz-Laskowice;oławski
Borów;krasnostawski
Kondratowice;strzeliński
Przeworno;strzeliński
Strzelin;strzeliński
Wiązów;strzeliński
Kostomłoty;bialski
Malczyce;średzki
Miękinia;krakowski
Środa Śląska;średzki
Udanin;średzki
Oborniki Śląskie;trzebnicki
Prusice;trzebnicki
Trzebnica;trzebnicki
Wisznia Mała;trzebnicki
Zawonia;szydłowiecki
Żmigród;trzebnicki
Brzeg Dolny;wołowski
Wińsko;wołowski
Wołów;skarżyski
Czernica;staszowski
Długołęka;ciechanowski
Jordanów Śląski;wrocławski
Kąty Wrocławskie;wrocławski
Kobierzyce;wrocławski
Mietków;wrocławski
Sobótka;bielski
Święta Katarzyna;kielecki
Siechnice;wrocławski
Żórawina;wrocławski
Białe Błota;bydgoski
Dąbrowa Chełmińska;bydgoski
Dobrcz;bydgoski
Koronowo;olsztyński
Nowa Wieś Wielka;lidzbarski
Osielsko;bydgoski
Sicienko;choszczeński
Solec Kujawski;bydgoski
Chełmża;toruński
Czernikowo;toruński
Lubicz;brzeski
Łubianka;sokólski
Łysomice;słupski
Obrowo;szamotulski
Wielka Nieszawka;toruński
Zławieś Wielka;toruński
Bydgoszcz;bydgoski
Toruń;chełmski
Brodnica;śremski
Bobrowo;kętrzyński
Brzozie;brodnicki
Górzno;garwoliński
Bartniczka;brodnicki
Jabłonowo Pomorskie;brodnicki
Osiek;płoński
Świedziebnia;brodnicki
Zbiczno;brodnicki
Chełmno;szamotulski
Kijewo Królewskie;chełmiński
Lisewo;płoński
Papowo Biskupie;chełmiński
Stolno;ostródzki
Unisław;krotoszyński
Golub-Dobrzyń;golubsko-dobrzyński
Ciechocin;janowski
Kowalewo Pomorskie;golubsko-dobrzyński
Radomin;nidzicki
Zbójno;sierpecki
Grudziądz;grudziądzki
Gruta;grudziądzki
Łasin;grudziądzki
Radzyń Chełmiński;grudziądzki
Rogóźno;wyszkowski
Świecie nad Osą;grudziądzki
Kamień Krajeński;sępoleński
Sępólno Krajeńskie;sępoleński
Sośno;sępoleński
Więcbork;sępoleński
Bukowiec;wągrowiecki
Dragacz;świecki
Drzycim;świecki
Jeżewo;pułtuski
Lniano;świecki
Nowe;opatowski
Osie;świecki
Pruszcz;gryficki
Świecie;lubański
Świekatowo;świecki
Warlubie;świecki
Cekcyn;tucholski
Gostycyn;tucholski
Kęsowo;tucholski
Lubiewo;mrągowski
Śliwice;nyski
Tuchola;międzychodzki
Wąbrzeźno;wąbrzeski
Dębowa Łąka;wąbrzeski
Książki;wąbrzeski
Płużnica;wąbrzeski
Aleksandrów Kujawski;aleksandrowski
Ciechocinek;aleksandrowski
Nieszawa;opolski
Bądkowo;ciechanowski
Koneck;aleksandrowski
Raciążek;aleksandrowski
Waganiec;aleksandrowski
Zakrzewo;makowski
Inowrocław;inowrocławski
Dąbrowa Biskupia;inowrocławski
Gniewkowo;płocki
Janikowo;płoński
Kruszwica;inowrocławski
Pakość;choszczeński
Rojewo;grodziski
Złotniki Kujawskie;inowrocławski
Lipno;łosicki
Bobrowniki;rycki
Chrostkowo;lipnowski
Dobrzyń nad Wisłą;lipnowski
Kikół;lipnowski
Skępe;lipnowski
Tłuchowo;lipnowski
Wielgie;lipski
Dąbrowa;warszawski zachodni
Jeziora Wielkie;mogileński
Mogilno;nowosądecki
Strzelno;zgorzelecki
Kcynia;nakielski
Mrocza;nakielski
Nakło nad Notecią;nakielski
Sadki;jędrzejowski
Szubin;nakielski
Radziejów;chełmski
Bytoń;radziejowski
Dobre;koszaliński
Osięciny;radziejowski
Piotrków Kujawski;radziejowski
Topólka;rawicki
Rypin;rypiński
Brzuze;rypiński
Rogowo;makowski
Skrwilno;rypiński
Wąpielsk;rypiński
Kowal;włocławski
Baruchowo;włocławski
Boniewo;krasnostawski
Brześć Kujawski;włocławski
Choceń;włocławski
Chodecz;włocławski
Fabianki;iławski
Izbica Kujawska;włocławski
Lubanie;włocławski
Lubień Kujawski;włocławski
Lubraniec;włocławski
Włocławek;włocławski
Barcin;żniński
Gąsawa;żniński
Janowiec Wielkopolski;żniński
Łabiszyn;żniński
Żnin;żniński
Międzyrzec Podlaski;bialski
Terespol;bialski
Biała Podlaska;bialski
Drelów;bialski
Janów Podlaski;bialski
Kodeń;bialski
Konstantynów;płocki
Leśna Podlaska;bialski
Łomazy;bialski
Piszczac;bialski
Rokitno;warszawski zachodni
Rossosz;łęczyński
Sławatycze;bialski
Sosnówka;rycki
Tuczna;bialski
Wisznice;bialski
Zalesie;łańcucki
Dębowa Kłoda;parczewski
Jabłoń;piski
Milanów;grójecki
Parczew;parczewski
Podedwórze;parczewski
Siemień;parczewski
Sosnowica;parczewski
Radzyń Podlaski;radzyński
Borki;wołomiński
Czemierniki;radzyński
Komarówka Podlaska;radzyński
Wohyń;radzyński
Włodawa;włodawski
Hanna;włodawski
Stary Brus;włodawski
Urszulin;grodziski
Wola Uhruska;włodawski
Wyryki;włodawski
Biłgoraj;biłgorajski
Aleksandrów;legionowski
Biszcza;biłgorajski
Frampol;biłgorajski
Goraj;biłgorajski
Józefów;otwocki
Księżpol;biłgorajski
Łukowa;biłgorajski
Obsza;biłgorajski
Potok Górny;biłgorajski
Tarnogród;biłgorajski
Turobin;biłgorajski
Rejowiec Fabryczny;chełmski
Białopole;chełmski
Chełm;lidzbarski
Dorohusk;chełmski
Dubienka;chełmski
Kamień;wejherowski
Leśniowice;chełmski
Ruda;wołomiński
Sawin;chełmski
Siedliszcze;chełmski
Wierzbica;legionowski
Wojsławice;chełmski
Żmudź;chełmski
Rejowiec;chełmski
Hrubieszów;hrubieszowski
Dołhobyczów;hrubieszowski
Horodło;hrubieszowski
Mircze;hrubieszowski
Uchanie;hrubieszowski
Werbkowice;hrubieszowski
Krasnystaw;krasnostawski
Fajsławice;krasnostawski
Gorzków;staszowski
Izbica;legionowski
Kraśniczyn;krasnostawski
Łopiennik Górny;krasnostawski
Rudnik;miński
Siennica Różana;krasnostawski
Żółkiewka;świdnicki
Tomaszów Lubelski;tomaszowski
Bełżec;tomaszowski
Jarczów;tomaszowski
Krynice;białostocki
Lubycza Królewska;tomaszowski
Łaszczów;tomaszowski
Rachanie;tomaszowski
Susiec;tomaszowski
Tarnawatka;tomaszowski
Telatyn;tomaszowski
Tyszowce;tomaszowski
Ulhówek;tomaszowski
Adamów;miński
Grabowiec;węgrowski
Krasnobród;zamojski
Łabunie;zamojski
Miączyn;płoński
Nielisz;zamojski
Radecznica;zamojski
Sitno;wyszkowski
Skierbieszów;zamojski
Stary Zamość;zamojski
Sułów;zamojski
Szczebrzeszyn;zamojski
Zamość;nowodworski
Zwierzyniec;wołomiński
Lubartów;lubartowski
Abramów;lubartowski
Firlej;lubartowski
Jeziorzany;piaseczyński
Kamionka;miński
Kock;lubartowski
Michów;lubartowski
Niedźwiada;lubartowski
Ostrów Lubelski;lubartowski
Ostrówek;wołomiński
Serniki;lubartowski
Bełżyce;lubelski
Borzechów;lubelski
Bychawa;lubelski
Garbów;lubelski
Głusk;nowodworski
Jabłonna;legionowski
Jastków;lubelski
Konopnica;lubelski
Krzczonów;opoczyński
Niedrzwica Duża;lubelski
Niemce;lubelski
Strzyżewice;lubelski
Wojciechów;chełmski
Wólka;warszawski zachodni
Wysokie;sokólski
Zakrzew;węgrowski
Cyców;łęczyński
Ludwin;łęczyński
Łęczna;łęczyński
Milejów;łęczyński
Puchaczów;łęczyński
Spiczyn;łęczyński
Świdnik;świdnicki
Mełgiew;świdnicki
Piaski;wołomiński
Trawniki;świdnicki
Lublin;lubelski
Chrzanów;buski
Dzwola;janowski
Godziszów;janowski
Janów Lubelski;janowski
Modliborzyce;janowski
Potok Wielki;janowski
Kraśnik;kraśnicki
Annopol;wołomiński
Szastarka;kraśnicki
Trzydnik Duży;kraśnicki
Urzędów;kraśnicki
Zakrzówek;garwoliński
Łuków;łukowski
Stoczek Łukowski;łukowski
Krzywda;garwoliński
Serokomla;łukowski
Stanin;łukowski
Trzebieszów;łukowski
Wojcieszków;łukowski
Wola Mysłowska;łukowski
Chodel;opolski
Józefów nad Wisłą;opolski
Łaziska;miński
Opole Lubelskie;opolski
Poniatowa;opolski
Wilków;hrubieszowski
Puławy;puławski
Baranów;puławski
Janowiec;bartoszycki
Kazimierz Dolny;puławski
Końskowola;puławski
Kurów;łukowski
Markuszów;puławski
Nałęczów;puławski
Wąwolnica;puławski
Żyrzyn;puławski
Dęblin;rycki
Kłoczew;rycki
Nowodwór;miński
Ryki;rycki
Stężyca;rycki
Ułęż;rycki
Kostrzyn nad Odrą;gorzowski
Bogdaniec;białostocki
Deszczno;gorzowski
Kłodawa;jasielski
Lubiszyn;gorzowski
Santok;gorzowski
Witnica;koniński
Bledzew;międzyrzecki
Międzyrzecz;międzyrzecki
Przytoczna;międzyrzecki
Pszczew;międzyrzecki
Skwierzyna;międzyrzecki
Trzciel;międzyrzecki
Cybinka;słubicki
Górzyca;słubicki
Ośno Lubuskie;słubicki
Rzepin;słubicki
Słubice;płocki
Dobiegniew;strzelecko-drezdenecki
Drezdenko;strzelecko-drezdenecki
Stare Kurowo;strzelecko-drezdenecki
Strzelce Krajeńskie;strzelecko-drezdenecki
Zwierzyn;strzelecko-drezdenecki
Krzeszyce;sulęciński
Lubniewice;sulęciński
Słońsk;sulęciński
Sulęcin;wrocławski
Torzym;sulęciński
Gorzów Wielkopolski;gorzowski
Gubin;krośnieński
Bobrowice;krośnieński
Bytnica;krośnieński
Dąbie;gołdapski
Krosno Odrzańskie;krośnieński
Maszewo;płocki
Nowa Sól;nowosolski
Bytom Odrzański;nowosolski
Kolsko;nowosolski
Kożuchów;sokołowski
Nowe Miasteczko;nowosolski
Otyń;nowosolski
Siedlisko;elbląski
Sława;wschowski
Szlichtyngowa;wschowski
Wschowa;wschowski
Lubrza;prudnicki
Łagów;kielecki
Skąpe;konecki
Szczaniec;świebodziński
Świebodzin;tarnowski
Zbąszynek;świebodziński
Babimost;zielonogórski
Bojadła;zielonogórski
Czerwieńsk;zielonogórski
Kargowa;zielonogórski
Nowogród Bobrzański;zielonogórski
Sulechów;krakowski
Świdnica;świdnicki
Trzebiechów;zielonogórski
Zabór;zielonogórski
Zielona Góra;zielonogórski
Gozdnica;żagański
Żagań;żagański
Brzeźnica;dębicki
Iłowa;chełmski
Małomice;żagański
Niegosławice;buski
Szprotawa;żagański
Wymiarki;żagański
Łęknica;kętrzyński
Żary;biłgorajski
Brody;płoński
Jasień;sokołowski
Lipinki Łużyckie;żarski
Lubsko;żarski
Przewóz;garwoliński
Trzebiel;żarski
Tuplice;żarski
Brzeziny;miński
Andrespol;łódzki wschodni
Brójce;międzyrzecki
Dmosin;brzeziński
Jeżów;opolski
Koluszki;łódzki wschodni
Rogów;sokołowski
Rzgów;koniński
Tuszyn;dzierżoniowski
Konstantynów Łódzki;pabianicki
Pabianice;częstochowski
Dłutów;pabianicki
Dobroń;pabianicki
Ksawerów;chełmski
Lutomiersk;pabianicki
Głowno;zgierski
Ozorków;zgierski
Zgierz;słupski
Aleksandrów Łódzki;zgierski
Parzęczew;jarociński
Stryków;grójecki
Łódź;poznański
Bełchatów;bełchatowski
Drużbice;bełchatowski
Kleszczów;krakowski
Kluki;miński
Rusiec;pruszkowski
Szczerców;bełchatowski
Zelów;bełchatowski
Białaczów;opoczyński
Drzewica;opoczyński
Mniszków;opoczyński
Opoczno;opoczyński
Paradyż;opoczyński
Poświętne;wołomiński
Sławno;sokólski
Żarnów;opoczyński
Aleksandrów;legionowski
Czarnocin;miński
Gorzkowice;piotrkowski
Grabica;piotrkowski
Łęki Szlacheckie;piotrkowski
Moszczenica;bocheński
Ręczno;piotrkowski
Rozprza;piotrkowski
Sulejów;wołomiński
Wola Krzysztoporska;piotrkowski
Wolbórz;piotrkowski
Radomsko;radomszczański
Dobryszyce;radomszczański
Gidle;radomszczański
Gomunice;radomszczański
Kamieńsk;radomszczański
Kobiele Wielkie;radomszczański
Kodrąb;kamieński
Lgota Wielka;olkuski
Ładzice;radomszczański
Masłowice;sławieński
Przedbórz;płocki
Wielgomłyny;radomszczański
Żytno;radomszczański
Tomaszów Mazowiecki;tomaszowski
Będków;tomaszowski
Budziszewice;wągrowiecki
Czerniewice;włocławski
Inowłódz;tomaszowski
Lubochnia;gnieźnieński
Rokiciny;bytowski
Rzeczyca;bialski
Ujazd;opatowski
Żelechlinek;tomaszowski
Piotrków Trybunalski;piotrkowski
Buczek;nowomiejski
Łask;łaski
Sędziejowice;kielecki
Widawa;lubliniecki
Wodzierady;łaski
Działoszyn;zgorzelecki
Kiełczygłów;pajęczański
Nowa Brzeźnica;pajęczański
Pajęczno;pajęczański
Rząśnia;pajęczański
Siemkowice;pajęczański
Strzelce Wielkie;brzeski
Sulmierzyce;krotoszyński
Dalików;poddębicki
Pęczniew;poddębicki
Poddębice;włocławski
Uniejów;poddębicki
Wartkowice;poddębicki
Zadzim;poddębicki
Sieradz;sieradzki
Błaszki;sieradzki
Brąszewice;sieradzki
Brzeźnio;sieradzki
Burzenin;sieradzki
Goszczanów;sieradzki
Klonowa;przysuski
Warta;sieradzki
Wróblew;zgierski
Złoczew;sieradzki
Biała;płocki
Czarnożyły;wieluński
Konopnica;lubelski
Mokrsko;wieluński
Osjaków;wieluński
Ostrówek;wołomiński
Pątnów;wieluński
Skomlin;wieluński
Wieluń;wieluński
Wierzchlas;gryfiński
Bolesławiec;bolesławiecki
Czastary;wieruszowski
Galewice;wieruszowski
Lututów;wieruszowski
Łubnice;staszowski
Sokolniki;garwoliński
Wieruszów;świdnicki
Zduńska Wola;zduńskowolski
Szadek;kaliski
Zapolice;gryficki
Kutno;kutnowski
Bedlno;radzyński
Dąbrowice;żuromiński
Krośniewice;kutnowski
Krzyżanów;kłodzki
Łanięta;przasnyski
Nowe Ostrowy;kutnowski
Oporów;kutnowski
Strzelce;chełmski
Żychlin;koniński
Łęczyca;lubelski
Daszyna;łęczycki
Góra Świętej Małgorzaty;łęczycki
Grabów;wołomiński
Piątek;łęczycki
Świnice Warckie;łęczycki
Witonia;łęczycki
Łowicz;radomszczański
Bielawy;ciechanowski
Chąśno;łowicki
Domaniewice;grójecki
Kiernozia;łowicki
Kocierzew Południowy;łowicki
Łyszkowice;proszowicki
Nieborów;łowicki
Zduny;ostródzki
Rawa Mazowiecka;rawski
Biała Rawska;rawski
Cielądz;rawski
Regnów;rawski
Sadkowice;rawski
Bolimów;skierniewicki
Głuchów;grójecki
Godzianów;skierniewicki
Kowiesy;sokołowski
Lipce Reymontowskie;skierniewicki
Maków;radomski
Nowy Kawęczyn;lipski
Skierniewice;skierniewicki
Słupia;sierpecki
Bochnia;bocheński
Drwinia;bocheński
Lipnica Murowana;bocheński
Łapanów;bocheński
Nowy Wiśnicz;bocheński
Rzezawa;bocheński
Trzciana;bocheński
Żegocina;bocheński
Czernichów;krakowski
Igołomia;krakowski
Iwanowice;kaliski
Jerzmanowice;krakowski
Kocmyrzów;krakowski
Krzeszowice;krakowski
Liszki;sokołowski
Michałowice;grójecki
Mogilany;krakowski
Skała;krakowski
Skawina;krakowski
Słomniki;krakowski
Sułoszowa;krakowski
Świątniki Górne;krakowski
Wielka Wieś;konecki
Zabierzów;krakowski
Zielonki;warszawski zachodni
Charsznica;miechowski
Gołcza;miechowski
Kozłów;grójecki
Książ Wielki;miechowski
Miechów;zwoleński
Racławice;krakowski
Słaboszów;miechowski
Dobczyce;myślenicki
Lubień;ostródzki
Myślenice;myślenicki
Pcim;myślenicki
Raciechowice;myślenicki
Siepraw;myślenicki
Sułkowice;wadowicki
Tokarnia;kielecki
Wiśniowa;kielecki
Koniusza;proszowicki
Koszyce;opatowski
Nowe Brzesko;proszowicki
Pałecznica;lubartowski
Proszowice;proszowicki
Radziemice;proszowicki
Biskupice;oleski
Gdów;wielicki
Kłaj;wielicki
Niepołomice;wielicki
Wieliczka;wielicki
Gorlice;gorlicki
Biecz;gorlicki
Bobowa;gorlicki
Lipinki;wołomiński
Łużna;gorlicki
Moszczenica;bocheński
Ropa;gorlicki
Sękowa;gorlicki
Uście Gorlickie;gorlicki
Limanowa;limanowski
Mszana Dolna;limanowski
Dobra;płocki
Jodłownik;limanowski
Kamienica;płoński
Laskowa;jędrzejowski
Łukowica;limanowski
Niedźwiedź;ostrołęcki
Słopnice;limanowski
Tymbark;limanowski
Grybów;nowosądecki
Chełmiec;bartoszycki
Gródek nad Dunajcem;nowosądecki
Kamionka Wielka;nowosądecki
Korzenna;nowosądecki
Krynica-Zdrój;nowosądecki
Łabowa;nowosądecki
Łącko;ostródzki
Łososina Dolna;nowosądecki
Muszyna;nowosądecki
Nawojowa;nowosądecki
Piwniczna-Zdrój;nowosądecki
Podegrodzie;nowosądecki
Rytro;nowosądecki
Stary Sącz;nowosądecki
Nowy Targ;nowotarski
Szczawnica;nowotarski
Czarny Dunajec;nowotarski
Czorsztyn;nowotarski
Jabłonka;szczycieński
Krościenko nad Dunajcem;nowotarski
Lipnica Wielka;nowosądecki
Łapsze Niżne;nowotarski
Ochotnica Dolna;nowotarski
Raba Wyżna;nowotarski
Rabka-Zdrój;nowotarski
Spytkowice;wadowicki
Szaflary;nowotarski
Zakopane;tatrzański
Biały Dunajec;tatrzański
Bukowina Tatrzańska;tatrzański
Kościelisko;tatrzański
Poronin;tatrzański
Nowy Sącz;nowosądecki
Alwernia;chrzanowski
Babice;garwoliński
Chrzanów;buski
Libiąż;chrzanowski
Trzebinia;chrzanowski
Bukowno;olkuski
Sławków;będziński
Bolesław;olkuski
Klucze;olkuski
Olkusz;olkuski
Trzyciąż;olkuski
Wolbrom;olkuski
Oświęcim;oświęcimski
Brzeszcze;oświęcimski
Chełmek;oświęcimski
Kęty;oświęcimski
Osiek;płoński
Polanka Wielka;oświęcimski
Przeciszów;oświęcimski
Zator;oświęcimski
Jordanów;płocki
Sucha Beskidzka;suski
Budzów;suski
Bystra;żywiecki
Maków Podhalański;suski
Stryszawa;suski
Zawoja;suski
Zembrzyce;suski
Andrychów;wadowicki
Brzeźnica;dębicki
Kalwaria Zebrzydowska;wadowicki
Lanckorona;wadowicki
Mucharz;wadowicki
Stryszów;wadowicki
Tomice;piaseczyński
Wadowice;wadowicki
Wieprz;iławski
Borzęcin;grójecki
Brzesko;brzeski
Czchów;brzeski
Dębno;kielecki
Gnojnik;brzeski
Iwkowa;brzeski
Szczurowa;brzeski
Dąbrowa Tarnowska;dąbrowski
Gręboszów;dąbrowski
Mędrzechów;dąbrowski
Olesno;dąbrowski
Radgoszcz;ostrołęcki
Szczucin;dąbrowski
Ciężkowice;tarnowski
Gromnik;tarnowski
Lisia Góra;tarnowski
Pleśna;tarnowski
Radłów;tarnowski
Ryglice;tarnowski
Rzepiennik Strzyżewski;tarnowski
Skrzyszów;konecki
Tarnów;garwoliński
Tuchów;tarnowski
Wierzchosławice;tarnowski
Wietrzychowice;tarnowski
Wojnicz;tarnowski
Zakliczyn;myślenicki
Żabno;biłgorajski
Szerzyny;tarnowski
Ciechanów;ciechanowski
Glinojeck;ciechanowski
Grudusk;ciechanowski
Ojrzeń;ciechanowski
Opinogóra Górna;ciechanowski
Regimin;ciechanowski
Sońsk;ciechanowski
Gostynin;gostyniński
Pacyna;gostyniński
Sanniki;gostyniński
Szczawin Kościelny;gostyniński
Mława;mławski
Dzierzgowo;mławski
Lipowiec Kościelny;mławski
Radzanów;mławski
Strzegowo;mławski
Stupsk;mławski
Szreńsk;mławski
Szydłowo;mławski
Wieczfnia Kościelna;mławski
Wiśniewo;ciechanowski
Bielsk;płocki
Bodzanów;płocki
Brudzeń Duży;płocki
Bulkowo;płocki
Drobin;płocki
Gąbin;płocki
Łąck;płocki
Mała Wieś;miński
Nowy Duninów;płocki
Radzanowo;płocki
Słubice;płocki
Słupno;wołomiński
Stara Biała;płocki
Staroźreby;płocki
Wyszogród;płocki
Płońsk;płoński
Raciąż;płoński
Baboszewo;płoński
Czerwińsk nad Wisłą;płoński
Dzierzążnia;płoński
Joniec;płoński
Naruszewo;płoński
Nowe Miasto;płoński
Sochocin;płoński
Załuski;grójecki
Sierpc;sierpecki
Gozdowo;sierpecki
Mochowo;sierpecki
Rościszewo;sierpecki
Szczutowo;sierpecki
Bieżuń;żuromiński
Lubowidz;żuromiński
Lutocin;żuromiński
Siemiątkowo;ostrołęcki
Żuromin;żuromiński
Płock;płocki
Huszlew;łosicki
Łosice;łosicki
Olszanka;wyszkowski
Platerów;łosicki
Sarnaki;łosicki
Stara Kornica;łosicki
Maków Mazowiecki;makowski
Czerwonka;węgrowski
Karniewo;makowski
Krasnosielc;makowski
Młynarze;makowski
Różan;makowski
Rzewnie;makowski
Sypniewo;makowski
Baranowo;ostrołęcki
Czarnia;ostrołęcki
Czerwin;ostrołęcki
Goworowo;ostrołęcki
Kadzidło;ostrołęcki
Lelis;ostrołęcki
Łyse;ostrołęcki
Myszyniec;ostrołęcki
Olszewo;żuromiński
Rzekuń;ostrołęcki
Troszyn;ostrołęcki
Ostrów Mazowiecka;ostrowski
Andrzejewo;ostrowski
Brok;ostrowski
Małkinia Górna;ostrowski
Nur;ostrowski
Stary Lubotyń;ostrowski
Szulborze Wielkie;ostrowski
Wąsewo;ostrowski
Zaręby Kościelne;ostrowski
Przasnysz;przasnyski
Chorzele;przasnyski
Czernice Borowe;przasnyski
Jednorożec;przasnyski
Krasne;przasnyski
Krzynowłoga Mała;przasnyski
Gzy;pułtuski
Obryte;pułtuski
Pokrzywnica;pułtuski
Pułtusk;pułtuski
Świercze;pułtuski
Winnica;pułtuski
Zatory;pułtuski
Domanice;siedlecki
Korczew;siedlecki
Kotuń;siedlecki
Mokobody;siedlecki
Mordy;siedlecki
Paprotnia;siedlecki
Przesmyki;siedlecki
Siedlce;siedlecki
Skórzec;siedlecki
Suchożebry;siedlecki
Wiśniew;miński
Wodynie;siedlecki
Zbuczyn;siedlecki
Sokołów Podlaski;sokołowski
Bielany;grójecki
Ceranów;sokołowski
Jabłonna Lacka;sokołowski
Kosów Lacki;sokołowski
Repki;ostrołęcki
Sabnie;sokołowski
Sterdyń;sokołowski
Węgrów;węgrowski
Grębków;węgrowski
Korytnica;węgrowski
Liw;węgrowski
Łochów;węgrowski
Miedzna;węgrowski
Sadowne;węgrowski
Stoczek;lidzbarski
Wierzbno;węgrowski
Brańszczyk;wyszkowski
Długosiodło;wyszkowski
Rząśnik;wyszkowski
Somianka;wyszkowski
Wyszków;wyszkowski
Zabrodzie;wyszkowski
Ostrołęka;ostrołęcki
Białobrzegi;legionowski
Promna;białobrzeski
Stara Błotnica;białobrzeski
Stromiec;białobrzeski
Wyśmierzyce;białobrzeski
Garbatka;piaseczyński
Głowaczów;kozienicki
Gniewoszów;kozienicki
Grabów nad Pilicą;kozienicki
Kozienice;kozienicki
Magnuszew;kozienicki
Sieciechów;kozienicki
Ciepielów;lipski
Lipsko;zamojski
Rzeczniów;lipski
Sienno;lipski
Solec nad Wisłą;lipski
Borkowice;przysuski
Gielniów;przysuski
Klwów;przysuski
Odrzywół;przysuski
Potworów;przysuski
Przysucha;przysuski
Rusinów;przysuski
Wieniawa;przysuski
Pionki;radomski
Gózd;otwocki
Iłża;radomski
Jastrzębia;grójecki
Jedlińsk;radomski
Jedlnia;radomski
Kowala;puławski
Przytyk;radomski
Skaryszew;radomski
Wierzbica;legionowski
Wolanów;radomski
Zakrzew;węgrowski
Chlewiska;siedlecki
Jastrząb;przysuski
Mirów;przasnyski
Orońsko;szydłowiecki
Szydłowiec;szydłowiecki
Kazanów;zwoleński
Policzna;hajnowski
Przyłęk;garwoliński
Tczów;zwoleński
Zwoleń;gostyniński
Radom;radomski
Białołęka;głogowski
Praga;poddębicki
Rembertów;piaseczyński
Ursynów;kozienicki
Wesoła;siedlecki
Wilanów;jędrzejowski
Włochy;kielecki
Wola;płoński
Garwolin;garwoliński
Łaskarzew;garwoliński
Borowie;garwoliński
Górzno;garwoliński
Maciejowice;grójecki
Miastków Kościelny;garwoliński
Parysów;garwoliński
Pilawa;piaseczyński
Sobolew;garwoliński
Trojanów;miński
Wilga;garwoliński
Żelechów;grójecki
Legionowo;legionowski
Jabłonna;legionowski
Nieporęt;legionowski
Serock;legionowski
Wieliszew;legionowski
Mińsk Mazowiecki;miński
Sulejówek;miński
Cegłów;miński
Dębe Wielkie;miński
Dobre;koszaliński
Halinów;miński
Jakubów;miński
Kałuszyn;legionowski
Latowicz;miński
Mrozy;miński
Siennica;nowodworski
Stanisławów;warszawski zachodni
Nowy Dwór Mazowiecki;nowodworski
Czosnów;nowodworski
Leoncin;nowodworski
Nasielsk;nowodworski
Pomiechówek;nowodworski
Zakroczym;nowodworski
Józefów;otwocki
Otwock;otwocki
Celestynów;otwocki
Karczew;otwocki
Kołbiel;otwocki
Osieck;otwocki
Wiązowna;otwocki
Kobyłka;wołomiński
Marki;wołomiński
Ząbki;wołomiński
Zielonka;wołomiński
Dąbrówka;nowodworski
Jadów;wołomiński
Klembów;wołomiński
Poświętne;wołomiński
Radzymin;wołomiński
Strachówka;wołomiński
Tłuszcz;wołomiński
Wołomin;wołomiński
Milanówek;grodziski
Podkowa Leśna;grodziski
Baranów;puławski
Grodzisk Mazowiecki;grodziski
Jaktorów;grodziski
Żabia Wola;lubelski
Belsk Duży;grójecki
Błędów;grójecki
Chynów;grójecki
Goszczyn;grójecki
Grójec;grójecki
Jasieniec;grójecki
Mogielnica;grójecki
Nowe Miasto nad Pilicą;grójecki
Pniewy;grójecki
Tarczyn;piaseczyński
Warka;grójecki
Góra Kalwaria;piaseczyński
Konstancin-Jeziorna;piaseczyński
Lesznowola;piaseczyński
Piaseczno;piaseczyński
Prażmów;piaseczyński
Piastów;pruszkowski
Pruszków;pruszkowski
Brwinów;pruszkowski
Michałowice;grójecki
Nadarzyn;pruszkowski
Raszyn;pruszkowski
Sochaczew;sochaczewski
Brochów;sochaczewski
Iłów;sochaczewski
Młodzieszyn;sochaczewski
Nowa Sucha;węgrowski
Rybno;wyszkowski
Teresin;otwocki
Błonie;piaseczyński
Izabelin;warszawski zachodni
Kampinos;warszawski zachodni
Leszno;warszawski zachodni
Łomianki;warszawski zachodni
Ożarów Mazowiecki;warszawski zachodni
Stare Babice;warszawski zachodni
Żyrardów;żyrardowski
Mszczonów;żyrardowski
Puszcza Mariańska;żyrardowski
Radziejowice;żyrardowski
Wiskitki;żyrardowski
Brzeg;brzeski
Skarbimierz;brzeski
Grodków;będziński
Lewin Brzeski;brzeski
Lubsza;lubliniecki
Olszanka;wyszkowski
Byczyna;kluczborski
Kluczbork;kluczborski
Lasowice Wielkie;kluczborski
Wołczyn;kluczborski
Domaszowice;kielecki
Namysłów;namysłowski
Pokój;namysłowski
Świerczów;konecki
Wilków;hrubieszowski
Głuchołazy;nyski
Kamiennik;nyski
Korfantów;nyski
Łambinowice;nyski
Nysa;nyski
Otmuchów;nyski
Paczków;nyski
Pakosławice;nyski
Skoroszyce;nyski
Biała;płocki
Głogówek;prudnicki
Lubrza;prudnicki
Prudnik;prudnicki
Baborów;głubczycki
Branice;głubczycki
Głubczyce;głubczycki
Kietrz;głubczycki
Kędzierzyn-Koźle;kędzierzyńsko-kozielski
Bierawa;kędzierzyńsko-kozielski
Cisek;kędzierzyńsko-kozielski
Pawłowiczki;kędzierzyńsko-kozielski
Polska Cerekiew;kędzierzyńsko-kozielski
Reńska Wieś;kędzierzyńsko-kozielski
Gogolin;krapkowicki
Krapkowice;krapkowicki
Strzeleczki;krapkowicki
Walce;krapkowicki
Zdzieszowice;krapkowicki
Dobrodzień;oleski
Gorzów Śląski;oleski
Olesno;dąbrowski
Praszka;oleski
Radłów;tarnowski
Rudniki;wołomiński
Zębowice;oleski
Chrząstowice;olkuski
Dąbrowa;warszawski zachodni
Dobrzeń Wielki;opolski
Komprachcice;opolski
Łubniany;opolski
Murów;opolski
Niemodlin;opolski
Ozimek;opolski
Popielów;węgrowski
Prószków;opolski
Tarnów Opolski;opolski
Tułowice;sochaczewski
Turawa;opolski
Izbicko;strzelecki
Jemielnica;strzelecki
Kolonowskie;strzelecki
Leśnica;ostródzki
Strzelce Opolskie;strzelecki
Ujazd;opatowski
Zawadzkie;strzelecki
Opole;opolski
Baligród;leski
Cisna;leski
Czarna;nowodworski
Lesko;leski
Lutowiska;bieszczadzki
Olszanica;bielski
Solina;leski
Ustrzyki Dolne;bieszczadzki
Brzozów;siedlecki
Domaradz;brzozowski
Dydnia;brzozowski
Haczów;brzozowski
Jasienica Rosielna;brzozowski
Nozdrzec;brzozowski
Jasło;jasielski
Brzyska;jasielski
Dębowiec;szczycieński
Kołaczyce;jasielski
Krempna;jasielski
Nowy Żmigród;jasielski
Osiek Jasielski;jasielski
Skołyszyn;jasielski
Szerzyny;tarnowski
Tarnowiec;tarnowski
Chorkówka;krośnieński
Dukla;krośnieński
Iwonicz-Zdrój;krośnieński
Jedlicze;krośnieński
Korczyna;gorlicki
Krościenko Wyżne;krośnieński
Miejsce Piastowe;krośnieński
Rymanów;krośnieński
Wojaszówka;krośnieński
Sanok;sanocki
Besko;sanocki
Bukowsko;sanocki
Komańcza;sanocki
Tyrawa Wołoska;sanocki
Zagórz;sanocki
Zarszyn;sanocki
Krosno;lidzbarski
Jarosław;jarosławski
Radymno;jarosławski
Chłopice;jarosławski
Laszki;białostocki
Pawłosiów;jarosławski
Pruchnik;jarosławski
Rokietnica;jarosławski
Roźwienica;jarosławski
Wiązownica;grajewski
Lubaczów;lubaczowski
Cieszanów;lubaczowski
Narol;lubaczowski
Oleszyce;lubaczowski
Stary Dzików;lubaczowski
Wielkie Oczy;lubaczowski
Bircza;przemyski
Dubiecko;przemyski
Fredropol;przemyski
Krasiczyn;przemyski
Krzywcza;przemyski
Medyka;przemyski
Orły;warszawski zachodni
Przemyśl;przemyski
Stubno;przemyski
Żurawica;sandomierski
Przeworsk;przeworski
Adamówka;krasnostawski
Gać;nowodworski
Jawornik Polski;przeworski
Kańczuga;przeworski
Sieniawa;nowotarski
Tryńcza;przeworski
Zarzecze;suwalski
Cmolas;kolbuszowski
Kolbuszowa;kolbuszowski
Majdan Królewski;kolbuszowski
Niwiska;kolbuszowski
Raniżów;kolbuszowski
Dzikowiec;kolbuszowski
Łańcut;łańcucki
Białobrzegi;legionowski
Markowa;łańcucki
Rakszawa;łańcucki
Żołynia;łańcucki
Iwierzyce;ropczycko-sędziszowski
Ostrów;włoszczowski
Ropczyce;ropczycko-sędziszowski
Sędziszów Małopolski;ropczycko-sędziszowski
Wielopole Skrzyńskie;ropczycko-sędziszowski
Dynów;rzeszowski
Błażowa;rzeszowski
Boguchwała;rzeszowski
Chmielnik;sokołowski
Głogów Małopolski;rzeszowski
Hyżne;rzeszowski
Kamień;wejherowski
Krasne;przasnyski
Lubenia;rzeszowski
Sokołów Małopolski;rzeszowski
Świlcza;rzeszowski
Trzebownisko;rzeszowski
Tyczyn;rzeszowski
Czudec;strzyżowski
Frysztak;strzyżowski
Niebylec;strzyżowski
Strzyżów;hrubieszowski
Wiśniowa;kielecki
Rzeszów;rzeszowski
Dębica;lubartowski
Brzostek;dębicki
Jodłowa;dębicki
Pilzno;dębicki
Żyraków;dębicki
Leżajsk;leżajski
Grodzisko Dolne;leżajski
Kuryłówka;leżajski
Nowa Sarzyna;leżajski
Mielec;mielecki
Borowa;puławski
Czermin;sandomierski
Gawłuszowice;mielecki
Padew Narodowa;mielecki
Przecław;mielecki
Radomyśl Wielki;mielecki
Tuszów Narodowy;mielecki
Wadowice Górne;mielecki
Harasiuki;niżański
Jarocin;płoński
Jeżowe;niżański
Krzeszów;suski
Nisko;bartoszycki
Rudnik nad Sanem;niżański
Ulanów;niżański
Stalowa Wola;stalowowolski
Bojanów;stalowowolski
Pysznica;stalowowolski
Radomyśl nad Sanem;stalowowolski
Zaklików;stalowowolski
Zaleszany;białostocki
Baranów Sandomierski;tarnobrzeski
Gorzyce;tarnowski
Grębów;tarnobrzeski
Nowa Dęba;tarnobrzeski
Tarnobrzeg;tarnobrzeski
Choroszcz;białostocki
Czarna Białostocka;białostocki
Dobrzyniewo Duże;białostocki
Gródek;sokołowski
Juchnowiec Kościelny;białostocki
Łapy;białostocki
Michałowo;ostrołęcki
Poświętne;wołomiński
Supraśl;białostocki
Suraż;białostocki
Turośń Kościelna;białostocki
Tykocin;białostocki
Wasilków;białostocki
Zabłudów;białostocki
Zawady;warszawski zachodni
Dąbrowa Białostocka;sokólski
Janów;warszawski zachodni
Korycin;sokólski
Krynki;siedlecki
Kuźnica;sokólski
Nowy Dwór;lidzbarski
Sidra;sokólski
Sokółka;węgrowski
Suchowola;sokólski
Szudziałowo;sokólski
Białystok;białostocki
Bielsk Podlaski;bielski
Brańsk;bielski
Boćki;bielski
Orla;bielski
Rudka;miński
Wyszki;bielski
Hajnówka;hajnowski
Białowieża;pułtuski
Czeremcha;hajnowski
Czyże;hajnowski
Dubicze Cerkiewne;hajnowski
Kleszczele;hajnowski
Narew;hajnowski
Narewka;hajnowski
Kolno;wołomiński
Grabowo;makowski
Mały Płock;kolneński
Stawiski;kolneński
Turośl;piski
Jedwabne;łomżyński
Łomża;łomżyński
Miastkowo;łomżyński
Nowogród;łomżyński
Przytuły;makowski
Śniadowo;nowodworski
Wizna;łomżyński
Zbójna;łomżyński
Siemiatycze;siemiatycki
Drohiczyn;siemiatycki
Dziadkowice;siemiatycki
Grodzisk;miński
Mielnik;siemiatycki
Milejczyce;siemiatycki
Nurzec;bielski
Perlejewo;siemiatycki
Wysokie Mazowieckie;wysokomazowiecki
Ciechanowiec;wysokomazowiecki
Czyżew;gostyniński
Klukowo;pułtuski
Kobylin;grójecki
Kulesze Kościelne;wysokomazowiecki
Nowe Piekuty;wysokomazowiecki
Sokoły;piski
Szepietowo;wysokomazowiecki
Zambrów;zambrowski
Kołaki Kościelne;zambrowski
Rutki;szczycieński
Szumowo;sokólski
Augustów;przasnyski
Bargłów Kościelny;augustowski
Lipsk;augustowski
Nowinka;sokólski
Płaska;augustowski
Sztabin;augustowski
Grajewo;grajewski
Radziłów;grajewski
Rajgród;grajewski
Szczuczyn;grajewski
Wąsosz;grajewski
Goniądz;moniecki
Jasionówka;moniecki
Jaświły;moniecki
Knyszyn;moniecki
Mońki;moniecki
Trzcianne;moniecki
Sejny;sejneński
Giby;sejneński
Krasnopol;sejneński
Puńsk;sejneński
Bakałarzewo;suwalski
Filipów;suwalski
Jeleniewo;suwalski
Przerośl;suwalski
Raczki;łosicki
Rutka;kętrzyński
Suwałki;suwalski
Szypliszki;suwalski
Wiżajny;suwalski
Pruszcz Gdański;gdański
Cedry Wielkie;gdański
Kolbudy;gdański
Przywidz;gdański
Pszczółki;gdański
Suchy Dąb;gdański
Trąbki Wielkie;gdański
Chmielno;lwówecki
Kartuzy;kartuski
Przodkowo;kartuski
Sierakowice;gliwicki
Somonino;kartuski
Stężyca;rycki
Sulęczyno;kartuski
Żukowo;płoński
Krynica Morska;nowodworski
Nowy Dwór Gdański;nowodworski
Ostaszewo;ciechanowski
Stegna;przasnyski
Sztutowo;nowodworski
Hel;pucki
Jastarnia;pucki
Puck;pucki
Władysławowo;ciechanowski
Kosakowo;kętrzyński
Krokowa;pucki
Reda;wejherowski
Rumia;wejherowski
Wejherowo;wejherowski
Choczewo;wejherowski
Gniewino;wejherowski
Linia;wejherowski
Luzino;wejherowski
Łęczyce;nowotomyski
Szemud;wejherowski
Borzytuchom;bytowski
Bytów;bytowski
Czarna Dąbrówka;bytowski
Kołczygłowy;bytowski
Lipnica;bialski
Miastko;leszczyński
Parchowo;bytowski
Studzienice;starogardzki
Trzebielino;bytowski
Tuchomie;bytowski
Chojnice;chojnicki
Brusy;chojnicki
Czersk;piaseczyński
Konarzyny;kościerski
Człuchów;człuchowski
Czarne;piski
Debrzno;człuchowski
Koczała;człuchowski
Przechlewo;człuchowski
Rzeczenica;człuchowski
Lębork;lęborski
Łeba;lęborski
Cewice;lęborski
Nowa Wieś Lęborska;lęborski
Wicko;kamieński
Ustka;słupski
Damnica;słupski
Dębnica Kaszubska;słupski
Główczyce;oleski
Kępice;kozienicki
Kobylnica;garwoliński
Potęgowo;słupski
Słupsk;słupski
Smołdzino;słupski
Kościerzyna;kościerski
Dziemiany;kościerski
Karsin;świdwiński
Liniewo;kościerski
Lipusz;kościerski
Nowa Karczma;bartoszycki
Stara Kiszewa;kościerski
Kwidzyn;kwidzyński
Gardeja;kwidzyński
Prabuty;wyszkowski
Ryjewo;kwidzyński
Sadlinki;kwidzyński
Malbork;malborski
Dzierzgoń;sztumski
Lichnowy;malborski
Mikołajki Pomorskie;sztumski
Miłoradz;malborski
Nowy Staw;lubelski
Stare Pole;konecki
Stary Dzierzgoń;sztumski
Stary Targ;sztumski
Sztum;sztumski
Czarna Woda;starogardzki
Skórcz;starogardzki
Starogard Gdański;starogardzki
Bobowo;starogardzki
Kaliska;węgrowski
Lubichowo;starogardzki
Osieczna;leszczyński
Osiek;płoński
Skarszewy;starogardzki
Smętowo Graniczne;starogardzki
Zblewo;starogardzki
Tczew;tczewski
Gniew;tczewski
Morzeszczyn;tczewski
Pelplin;tczewski
Subkowy;tczewski
Gdańsk;gdański
Gdynia;gdański
Sopot;gdański
Szczyrk;bielski
Bestwina;bielski
Buczkowice;bielski
Czechowice-Dziedzice;bielski
Jasienica;wołomiński
Jaworze;kielecki
Kozy;bielski
Porąbka;limanowski
Wilamowice;płoński
Wilkowice;leszczyński
Cieszyn;zamojski
Ustroń;cieszyński
Wisła;cieszyński
Brenna;cieszyński
Chybie;cieszyński
Dębowiec;szczycieński
Goleszów;mielecki
Hażlach;cieszyński
Istebna;cieszyński
Skoczów;cieszyński
Strumień;cieszyński
Zebrzydowice;wadowicki
Żywiec;żywiecki
Czernichów;krakowski
Gilowice;żywiecki
Jeleśnia;żywiecki
Koszarawa;żywiecki
Lipowa;tucholski
Łękawica;miński
Łodygowice;żywiecki
Milówka;tarnowski
Radziechowy;żywiecki
Rajcza;żywiecki
Ślemień;żywiecki
Świnna;żywiecki
Ujsoły;żywiecki
Węgierska Górka;żywiecki
Bielsko-Biała;bielski
Lubliniec;lubliniecki
Boronów;lubliniecki
Ciasna;lubliniecki
Herby;lubliniecki
Kochanowice;lubliniecki
Koszęcin;lubliniecki
Pawonków;lubliniecki
Woźniki;łosicki
Kalety;tarnogórski
Miasteczko Śląskie;tarnogórski
Radzionków;tarnogórski
Tarnowskie Góry;tarnogórski
Krupski Młyn;tarnogórski
Ożarowice;tarnogórski
Świerklaniec;tarnogórski
Tworóg;tarnogórski
Zbrosławice;tarnogórski
Bytom;
Piekary Śląskie;Piekary Śląskie
Blachownia;częstochowski
Dąbrowa Zielona;częstochowski
Janów;warszawski zachodni
Kamienica Polska;częstochowski
Kłomnice;częstochowski
Koniecpol;częstochowski
Konopiska;częstochowski
Kruszyna;garwoliński
Lelów;częstochowski
Mstów;limanowski
Mykanów;częstochowski
Olsztyn;olsztyński
Poczesna;częstochowski
Przyrów;częstochowski
Rędziny;częstochowski
Starcza;częstochowski
Kłobuck;kłobucki
Krzepice;włoszczowski
Lipie;grójecki
Miedźno;kłobucki
Opatów;opatowski
Panki;kłobucki
Popów;kraśnicki
Przystajń;kłobucki
Wręczyca Wielka;kłobucki
Myszków;myszkowski
Koziegłowy;grójecki
Niegowa;myszkowski
Poraj;hrubieszowski
Żarki;chrzanowski
Częstochowa;częstochowski
Knurów;gliwicki
Pyskowice;gliwicki
Gierałtowice;wadowicki
Pilchowice;gliwicki
Rudziniec;gliwicki
Sośnicowice;gliwicki
Toszek;gliwicki
Wielowieś;iławski
Gliwice;gliwicki
Zabrze;?
Chorzów;?
Katowice;?
Mysłowice;?
Ruda Śląska;?
Siemianowice Śląskie;?Siemianowice Śląskie
Świętochłowice;?Świętochłowice
Racibórz;raciborski
Kornowac;raciborski
Krzanowice;opolski
Krzyżanowice;radomski
Kuźnia Raciborska;raciborski
Nędza;raciborski
Pietrowice Wielkie;raciborski
Rudnik;miński
Czerwionka-Leszczyny;rybnicki
Gaszowice;rybnicki
Jejkowice;rybnicki
Lyski;rybnicki
Świerklany;rybnicki
Pszów;wodzisławski
Radlin;opolski
Rydułtowy;wodzisławski
Wodzisław Śląski;wodzisławski
Godów;opolski
Gorzyce;tarnowski
Lubomia;wodzisławski
Marklowice;wodzisławski
Mszana;krośnieński
Jastrzębie-Zdrój;?
Rybnik;Rybnik
Żory;Żory
Będzin;będziński
Czeladź;będziński
Wojkowice;będziński
Bobrowniki;rycki
Mierzęcice;będziński
Psary;pułtuski
Siewierz;będziński
Sławków;będziński
Poręba;opoczyński
Zawiercie;zawierciański
Irządze;zawierciański
Kroczyce;zawierciański
Łazy;warszawski zachodni
Ogrodzieniec;iławski
Pilica;grójecki
Szczekociny;zawierciański
Włodowice;zawierciański
Żarnowiec;krośnieński
Dąbrowa Górnicza;Dąbrowa Górnicza
Jaworzno;Jaworzno
Sosnowiec;Sosnowiec
Łaziska Górne;mikołowski
Mikołów;mikołowski
Orzesze;mikołowski
Ornontowice;mikołowski
Wyry;mikołowski
Kobiór;pszczyński
Miedźna;pszczyński
Pawłowice;pszczyński
Pszczyna;pszczyński
Suszec;pszczyński
Bieruń;bieruńsko-lędziński
Imielin;bieruńsko-lędziński
Lędziny;bieruńsko-lędziński
Bojszowy;bieruńsko-lędziński
Chełm Śląski;bieruńsko-lędziński
Tychy;Tychy
Bieliny;warszawski zachodni
Bodzentyn;kielecki
Chęciny;garwoliński
Chmielnik;sokołowski
Daleszyce;kielecki
Górno;tomaszowski
Łagów;kielecki
Łopuszno;kielecki
Masłów;trzebnicki
Miedziana Góra;kielecki
Mniów;kielecki
Morawica;kielecki
Nowa Słupia;kielecki
Piekoszów;kielecki
Pierzchnica;kielecki
Raków;gostyniński
Sitkówka;kielecki
Strawczyn;kielecki
Zagnańsk;kielecki
Fałków;konecki
Gowarczów;konecki
Końskie;konecki
Radoszyce;konecki
Ruda Maleniecka;konecki
Słupia;sierpecki
Smyków;kielecki
Stąporków;konecki
Ostrowiec Świętokrzyski;ostrowiecki
Bałtów;puławski
Bodzechów;ostrowiecki
Ćmielów;ostrowiecki
Kunów;lubartowski
Waśniów;ostrowiecki
Skarżysko-Kamienna;skarżyski
Bliżyn;skarżyski
Łączna;elbląski
Skarżysko Kościelne;skarżyski
Suchedniów;skarżyski
Starachowice;starachowicki
Brody;płoński
Mirzec;starachowicki
Pawłów;wołomiński
Wąchock;starachowicki
Kielce;Kielce
Busko-Zdrój;buski
Gnojno;pułtuski
Nowy Korczyn;buski
Pacanów;buski
Solec;piaseczyński
Stopnica;buski
Tuczępy;zamojski
Wiślica;buski
Imielno;jędrzejowski
Jędrzejów;ostrowiecki
Małogoszcz;jędrzejowski
Nagłowice;jędrzejowski
Oksa;jędrzejowski
Sędziszów;jędrzejowski
Sobków;jędrzejowski
Wodzisław;jędrzejowski
Bejsce;kazimierski
Czarnocin;miński
Kazimierza Wielka;kazimierski
Opatowiec;kazimierski
Skalbmierz;kazimierski
Baćkowice;opatowski
Iwaniska;opatowski
Lipnik;wyszkowski
Opatów;opatowski
Ożarów;lubelski
Sadowie;opatowski
Tarłów;opatowski
Wojciechowice;piaseczyński
Działoszyce;pińczowski
Kije;olecki
Michałów;miński
Pińczów;pińczowski
Złota;sandomierski
Sandomierz;sandomierski
Dwikozy;sandomierski
Klimontów;sandomierski
Koprzywnica;sandomierski
Łoniów;sandomierski
Obrazów;sandomierski
Samborzec;sandomierski
Wilczyce;sandomierski
Zawichost;sandomierski
Bogoria;sandomierski
Łubnice;staszowski
Oleśnica;siedlecki
Osiek;płoński
Połaniec;staszowski
Rytwiany;staszowski
Staszów;kozienicki
Szydłów;staszowski
Kluczewsko;włoszczowski
Krasocin;włoszczowski
Moskorzew;włoszczowski
Radków;tomaszowski
Secemin;włoszczowski
Włoszczowa;włoszczowski
Braniewo;braniewski
Frombork;braniewski
Lelkowo;braniewski
Pieniężno;braniewski
Płoskinia;braniewski
Wilczęta;braniewski
Działdowo;działdowski
Iłowo;radziejowski
Lidzbark;działdowski
Płośnica;działdowski
Rybno;wyszkowski
Elbląg;Elbląg
Godkowo;elbląski
Gronowo Elbląskie;elbląski
Markusy;elbląski
Milejewo;słupecki
Młynary;elbląski
Pasłęk;elbląski
Rychliki;elbląski
Tolkmicko;elbląski
Iława;iławski
Lubawa;iławski
Kisielice;iławski
Susz;iławski
Zalewo;ostródzki
Nowe Miasto Lubawskie;nowomiejski
Biskupiec;olsztyński
Grodziczno;wyszkowski
Kurzętnik;nowomiejski
Ostróda;ostródzki
Dąbrówno;ostródzki
Grunwald;ostródzki
Łukta;ostródzki
Małdyty;ostródzki
Miłakowo;ostródzki
Miłomłyn;ostródzki
Morąg;ostródzki
Ełk;ełcki
Kalinowo;wyszkowski
Prostki;ełcki
Stare Juchy;ełcki
Giżycko;giżycki
Banie Mazurskie;gołdapski
Budry;węgorzewski
Kruklanki;giżycki
Miłki;giżycki
Pozezdrze;węgorzewski
Ryn;giżycki
Węgorzewo;węgorzewski
Wydminy;giżycki
Dubeninki;gołdapski
Gołdap;gołdapski
Kowale Oleckie;olecki
Olecko;olecki
Świętajno;szczycieński
Wieliczki;olecki
Biała Piska;piski
Orzysz;piski
Pisz;piski
Ruciane-Nida;piski
Bartoszyce;bartoszycki
Górowo Iławeckie;bartoszycki
Bisztynek;bartoszycki
Sępopol;bartoszycki
Kętrzyn;kętrzyński
Barciany;kętrzyński
Korsze;kętrzyński
Reszel;kętrzyński
Srokowo;kętrzyński
Lidzbark Warmiński;lidzbarski
Kiwity;lidzbarski
Lubomino;lidzbarski
Orneta;lidzbarski
Mrągowo;mrągowski
Mikołajki;mrągowski
Piecki;mrągowski
Sorkwity;mrągowski
Janowiec Kościelny;nidzicki
Janowo;nowodworski
Kozłowo;pułtuski
Nidzica;nidzicki
Barczewo;olsztyński
Dobre Miasto;olsztyński
Dywity;olsztyński
Gietrzwałd;olsztyński
Jeziorany;olsztyński
Jonkowo;olsztyński
Kolno;wołomiński
Olsztynek;olsztyński
Purda;olsztyński
Stawiguda;olsztyński
Świątki;olsztyński
Szczytno;włocławski
Dźwierzuty;szczycieński
Jedwabno;szczycieński
Pasym;szczycieński
Rozogi;mrągowski
Wielbark;szczycieński
Olsztyn;Olsztyn
Jaraczewo;jarociński
Jarocin;płoński
Kotlin;jarociński
Żerków;brzeski
Blizanów;kaliski
Brzeziny;miński
Ceków;kaliski
Godziesze Wielkie;kaliski
Koźminek;kaliski
Lisków;kaliski
Mycielin;szczycieński
Opatówek;kaliski
Stawiszyn;białobrzeski
Szczytniki;płoński
Żelazków;słupecki
Baranów;puławski
Bralin;kępiński
Kępno;kępiński
Łęka Opatowska;kępiński
Perzów;kępiński
Rychtal;kępiński
Trzcinica;jasielski
Sulmierzyce;krotoszyński
Kobylin;grójecki
Koźmin Wielkopolski;krotoszyński
Krotoszyn;krotoszyński
Rozdrażew;krotoszyński
Zduny;ostródzki
Ostrów Wielkopolski;ostrowski
Nowe Skalmierzyce;ostrowski
Odolanów;ostrowski
Przygodzice;ostrowski
Raszków;jędrzejowski
Sieroszewice;ostrowski
Sośnie;ostrowski
Czajków;siedlecki
Doruchów;ostrzeszowski
Grabów nad Prosną;ostrzeszowski
Kobyla Góra;oleski
Kraszewice;ostrzeszowski
Mikstat;ostrzeszowski
Ostrzeszów;ostrzeszowski
Chocz;pleszewski
Czermin;sandomierski
Dobrzyca;pleszewski
Gizałki;pleszewski
Gołuchów;pińczowski
Pleszew;pleszewski
Kalisz;ciechanowski
Gniezno;gnieźnieński
Czerniejewo;gnieźnieński
Kiszkowo;gnieźnieński
Kłecko;gnieźnieński
Łubowo;gnieźnieński
Mieleszyn;gnieźnieński
Niechanowo;gnieźnieński
Trzemeszno;gnieźnieński
Witkowo;łomżyński
Koło;opolski
Babiak;lidzbarski
Chodów;siedlecki
Dąbie;gołdapski
Grzegorzew;kolski
Kłodawa;jasielski
Kościelec;proszowicki
Olszówka;kielecki
Osiek Mały;kolski
Przedecz;kolski
Golina;wołowski
Grodziec;płoński
Kazimierz Biskupi;koniński
Kleczew;koniński
Kramsk;koniński
Krzymów;piaseczyński
Rychwał;koniński
Rzgów;koniński
Skulsk;koniński
Sompolno;koniński
Stare Miasto;ostródzki
Ślesin;koniński
Wierzbinek;koniński
Wilczyn;bialski
Słupca;płocki
Lądek;bartoszycki
Orchowo;słupecki
Ostrowite;nowomiejski
Powidz;słupecki
Strzałkowo;mławski
Zagórów;słupecki
Turek;miński
Brudzew;turecki
Dobra;płocki
Kawęczyn;piaseczyński
Malanów;turecki
Przykona;turecki
Tuliszków;turecki
Władysławów;otwocki
Kołaczkowo;gnieźnieński
Miłosław;chełmski
Nekla;wrzesiński
Pyzdry;wrzesiński
Września;sierpecki
Konin;Konin
Borek Wielkopolski;gostyński
Gostyń;mikołowski
Krobia;ostrołęcki
Pępowo;gostyński
Piaski;wołomiński
Pogorzela;brzeski
Poniec;gostyński
Granowo;grodziski
Grodzisk Wielkopolski;grodziski
Kamieniec;siedlecki
Rakoniewice;grodziski
Wielichowo;grodziski
Kościan;kościański
Czempiń;kościański
Krzywiń;kościański
Śmigiel;kościański
Krzemieniewo;nowomiejski
Lipno;łosicki
Osieczna;leszczyński
Rydzyna;leszczyński
Święciechowa;leszczyński
Wijewo;leszczyński
Włoszakowice;leszczyński
Chrzypsko Wielkie;międzychodzki
Kwilcz;międzychodzki
Międzychód;iławski
Sieraków;warszawski zachodni
Kuślin;nowotomyski
Lwówek;gostyniński
Miedzichowo;nowotomyski
Nowy Tomyśl;nowotomyski
Opalenica;nowotomyski
Zbąszyń;nowotomyski
Bojanowo;mławski
Jutrosin;rawicki
Miejska Górka;rawicki
Pakosław;radomski
Rawicz;rawicki
Przemęt;wolsztyński
Siedlec;krakowski
Wolsztyn;wolsztyński
Leszno;warszawski zachodni
Chodzież;chodzieski
Budzyń;biłgorajski
Margonin;chodzieski
Szamocin;wołomiński
Czarnków;legnicki
Drawsko;czarnkowsko-trzcianecki
Krzyż Wielkopolski;czarnkowsko-trzcianecki
Lubasz;dąbrowski
Połajewo;czarnkowsko-trzcianecki
Trzcianka;grójecki
Wieleń;wolsztyński
Piła;konecki
Białośliwie;pilski
Kaczory;siedlecki
Łobżenica;pilski
Miasteczko Krajeńskie;pilski
Szydłowo;mławski
Ujście;braniewski
Wyrzysk;pilski
Wysoka;starogardzki
Wągrowiec;wągrowiecki
Damasławek;wągrowiecki
Gołańcz;wągrowiecki
Mieścisko;kozienicki
Skoki;gostyniński
Wapno;wągrowiecki
Złotów;trzebnicki
Jastrowie;złotowski
Krajenka;złotowski
Lipka;wołomiński
Okonek;złotowski
Tarnówka;chełmski
Zakrzewo;makowski
Oborniki;obornicki
Rogoźno;obornicki
Ryczywół;ełcki
Luboń;poznański
Puszczykowo;poznański
Buk;miechowski
Czerwonak;poznański
Dopiewo;poznański
Kleszczewo;giżycki
Komorniki;piaseczyński
Kostrzyn;białobrzeski
Kórnik;poznański
Mosina;poznański
Murowana Goślina;poznański
Pobiedziska;poznański
Rokietnica;jarosławski
Stęszew;poznański
Suchy Las;pruszkowski
Swarzędz;poznański
Tarnowo Podgórne;poznański
Obrzycko;szamotulski
Duszniki-Zdrój;kłodzki
Kaźmierz;szamotulski
Ostroróg;szamotulski
Pniewy;grójecki
Szamotuły;szamotulski
Wronki;olecki
Dominowo;średzki
Krzykosy;płocki
Nowe Miasto nad Wartą;średzki
Środa Wielkopolska;średzki
Zaniemyśl;średzki
Brodnica;śremski
Dolsk;śremski
Książ Wielkopolski;śremski
Śrem;ząbkowicki
Poznań;łukowski
Białogard;białogardzki
Karlino;białogardzki
Tychowo;stargardzki
Czaplinek;piaseczyński
Drawsko Pomorskie;drawski
Kalisz Pomorski;drawski
Ostrowice;drawski
Wierzchowo;człuchowski
Złocieniec;drawski
Kołobrzeg;kołobrzeski
Dygowo;kołobrzeski
Gościno;kołobrzeski
Rymań;kołobrzeski
Siemyśl;kołobrzeski
Ustronie Morskie;kołobrzeski
Będzino;koszaliński
Biesiekierz;koszaliński
Bobolice;myszkowski
Manowo;koszaliński
Mielno;ostródzki
Polanów;sandomierski
Sianów;koszaliński
Świeszyno;koszaliński
Darłowo;sławieński
Sławno;sokólski
Malechowo;sławieński
Postomino;sławieński
Szczecinek;szczecinecki
Barwice;szczecinecki
Biały Bór;mielecki
Borne Sulinowo;szczecinecki
Grzmiąca;białobrzeski
Świdwin;świdwiński
Brzeżno;świdwiński
Połczyn-Zdrój;świdwiński
Rąbino;świdwiński
Sławoborze;świdwiński
Wałcz;wałecki
Człopa;wałecki
Mirosławiec;wałecki
Tuczno;poznański
Koszalin;Koszalin
Bierzwnik;choszczeński
Choszczno;choszczeński
Drawno;choszczeński
Krzęcin;krakowski
Pełczyce;staszowski
Recz;choszczeński
Brojce;gryficki
Gryfice;gryficki
Karnice;trzebnicki
Płoty;zielonogórski
Radowo Małe;łobeski
Resko;łobeski
Rewal;gryficki
Trzebiatów;gryficki
Barlinek;myśliborski
Boleszkowice;myśliborski
Dębno;kielecki
Myślibórz;opoczyński
Nowogródek Pomorski;myśliborski
Bielice;namysłowski
Kozielice;kamieński
Lipiany;bolesławiecki
Przelewice;pyrzycki
Pyrzyce;pyrzycki
Warnice;pyrzycki
Chociwel;strzeliński
Dobrzany;stargardzki
Dolice;stargardzki
Ińsko;stargardzki
Kobylanka;miński
Łobez;jarociński
Marianowo;przasnyski
Stara Dąbrowa;nowodworski
Suchań;stargardzki
Węgorzyno;łobeski
Dobra;płocki
Szczecin;Szczecin
Goleniów;goleniowski
Maszewo;płocki
Nowogard;goleniowski
Osina;lubelski
Przybiernów;goleniowski
Stepnica;goleniowski
Banie;gryfiński
Cedynia;gryfiński
Chojna;wągrowiecki
Gryfino;gryfiński
Mieszkowice;prudnicki
Moryń;gryfiński
Stare Czarnowo;gryfiński
Trzcińsko-Zdrój;gryfiński
Widuchowa;buski
Dziwnów;kamieński
Golczewo;kamieński
Kamień Pomorski;kamieński
Międzyzdroje;kamieński
Świerzno;kamieński
Wolin;kamieński
Kołbaskowo;policki
Nowe Warpno;policki
Police;policki
Świnoujście;Świnoujście
